{"cameraMode":{"drawMode":0,"name":"Shaded","section":"Shading Mode"},"sceneLighting":false,"audioPlay":false,"sceneViewState":{"m_AlwaysRefresh":false,"showFog":true,"showSkybox":false,"showFlares":true,"showImageEffects":true,"showParticleSystems":true,"showVisualEffectGraphs":true,"m_FxEnabled":true},"in2DMode":false,"pivot":{"x":-0.020979145541787149,"y":7.450580596923828e-9,"z":-0.07592493295669556},"rotation":{"x":0.0019531557336449625,"y":-0.996642529964447,"z":-0.024921275675296785,"w":-0.07810003310441971},"size":0.8660253882408142,"orthographic":false}